{
    "root_group": {
        "groups": {},
        "checks": {
                "status 200": {
                    "passes": 294,
                    "fails": 0,
                    "name": "status 200",
                    "path": "::status 200",
                    "id": "fad9fa412b86fcb03bee97c80dcd61f1"
                },
                "status is ok": {
                    "id": "1b2252a2192778709eb091da77a1d06f",
                    "passes": 294,
                    "fails": 0,
                    "name": "status is ok",
                    "path": "::status is ok"
                },
                "response time < 1s": {
                    "fails": 0,
                    "name": "response time < 1s",
                    "path": "::response time < 1s",
                    "id": "30d705bf10dd6f88f1862ef48be41994",
                    "passes": 294
                }
            },
        "name": "",
        "path": "",
        "id": "d41d8cd98f00b204e9800998ecf8427e"
    },
    "metrics": {
        "vus": {
            "value": 3,
            "min": 3,
            "max": 3
        },
        "http_req_blocked": {
            "avg": 0.011582033898305083,
            "min": 0,
            "med": 0,
            "max": 2.1502,
            "p(90)": 0,
            "p(95)": 0
        },
        "http_req_failed": {
            "passes": 0,
            "fails": 295,
            "thresholds": {
                "rate<0.05": false
            },
            "value": 0
        },
        "iterations": {
            "count": 294,
            "rate": 29.189955212183722
        },
        "http_req_duration": {
            "avg": 1.5778572881355934,
            "min": 0.5158,
            "med": 1.0527,
            "max": 34.2772,
            "p(90)": 2.04996,
            "p(95)": 2.3053900000000014,
            "thresholds": {
                "p(95)<1000": false
            }
        },
        "vus_max": {
            "max": 3,
            "value": 3,
            "min": 3
        },
        "http_req_sending": {
            "med": 0,
            "max": 0.5277,
            "p(90)": 0,
            "p(95)": 0,
            "avg": 0.008374237288135593,
            "min": 0
        },
        "http_req_receiving": {
            "p(95)": 1.0005,
            "avg": 0.21036779661016947,
            "min": 0,
            "med": 0,
            "max": 1.2733,
            "p(90)": 0.8498400000000002
        },
        "http_req_connecting": {
            "avg": 0.00803593220338983,
            "min": 0,
            "med": 0,
            "max": 1.6244,
            "p(90)": 0,
            "p(95)": 0
        },
        "data_received": {
            "count": 55165,
            "rate": 5477.088024762296
        },
        "iteration_duration": {
            "p(95)": 103.29834,
            "avg": 102.3316105442177,
            "min": 100.6711,
            "med": 101.90764999999999,
            "max": 137.8259,
            "p(90)": 102.82164
        },
        "http_req_duration{expected_response:true}": {
            "med": 1.0527,
            "max": 34.2772,
            "p(90)": 2.04996,
            "p(95)": 2.3053900000000014,
            "avg": 1.5778572881355934,
            "min": 0.5158
        },
        "checks": {
            "fails": 0,
            "passes": 882,
            "value": 1
        },
        "http_reqs": {
            "count": 295,
            "rate": 29.289240774129926
        },
        "http_req_waiting": {
            "max": 33.9344,
            "p(90)": 1.9795600000000009,
            "p(95)": 2.1504300000000005,
            "avg": 1.359115254237289,
            "min": 0.5069,
            "med": 1.0022
        },
        "http_req_tls_handshaking": {
            "p(95)": 0,
            "avg": 0,
            "min": 0,
            "med": 0,
            "max": 0,
            "p(90)": 0
        },
        "data_sent": {
            "count": 22420,
            "rate": 2225.982298833874
        }
    },
    "setup_data": {
        "base_url": "http://127.0.0.1:8001"
    }
}